Aluno Numero 1;000.000.000-00;ouvinte;24;aluno@dominio.com
Aluno Numero 2;000.000.000-00;ouvinte;24;aluno@dominio.com
Aluno Numero 3;000.000.000-00;ouvinte;24;aluno@dominio.com
Aluno Numero 4;000.000.000-00;ouvinte;24;aluno@dominio.com
Aluno Numero 5;000.000.000-00;ouvinte;24;aluno@dominio.com
Aluno Numero 6;000.000.000-00;ouvinte;24;aluno@dominio.com
Aluno Numero 7;000.000.000-00;ouvinte;24;aluno@dominio.com
Aluno Numero 8;000.000.000-00;ouvinte;24;aluno@dominio.com
Aluno Numero 9;000.000.000-00;ouvinte;24;aluno@dominio.com
Aluno Numero 10;000.000.000-00;ouvinte;24;aluno@dominio.com
Aluno Numero 11;000.000.000-00;ouvinte;24;aluno@dominio.com
Aluno Numero 12;000.000.000-00;ouvinte;24;aluno@dominio.com
Aluno Numero 13;000.000.000-00;ouvinte;24;aluno@dominio.com
Aluno Numero 14;000.000.000-00;ouvinte;24;aluno@dominio.com
Aluno Numero 15;000.000.000-00;ouvinte;24;aluno@dominio.com
Aluno Numero 16;000.000.000-00;ouvinte;24;aluno@dominio.com
Aluno Numero 17;000.000.000-00;ouvinte;24;aluno@dominio.com
Aluno Numero 18;000.000.000-00;ouvinte;24;aluno@dominio.com
Aluno Numero 19;000.000.000-00;ouvinte;24;aluno@dominio.com
Aluno Numero 20;000.000.000-00;ouvinte;24;aluno@dominio.com
Aluno Numero 21;000.000.000-00;ouvinte;24;aluno@dominio.com
Aluno Numero 22;000.000.000-00;ouvinte;24;aluno@dominio.com
Aluno Numero 23;000.000.000-00;ouvinte;24;aluno@dominio.com
Aluno Numero 24;000.000.000-00;ouvinte;24;aluno@dominio.com
Aluno Numero 25;000.000.000-00;ouvinte;24;aluno@dominio.com
Aluno Numero 26;000.000.000-00;ouvinte;24;aluno@dominio.com
Aluno Numero 27;000.000.000-00;ouvinte;24;aluno@dominio.com
Aluno Numero 28;000.000.000-00;ouvinte;24;aluno@dominio.com
Aluno Numero 29;000.000.000-00;ouvinte;24;aluno@dominio.com
Aluno Numero 30;000.000.000-00;ouvinte;24;aluno@dominio.com
Aluno Numero 31;000.000.000-00;ouvinte;24;aluno@dominio.com
Aluno Numero 32;000.000.000-00;ouvinte;24;aluno@dominio.com
Aluno Numero 33;000.000.000-00;ouvinte;24;aluno@dominio.com
Aluno Numero 34;000.000.000-00;ouvinte;24;aluno@dominio.com
Aluno Numero 35;000.000.000-00;ouvinte;24;aluno@dominio.com
Aluno Numero 36;000.000.000-00;ouvinte;24;aluno@dominio.com
Aluno Numero 37;000.000.000-00;ouvinte;24;aluno@dominio.com
Aluno Numero 38;000.000.000-00;ouvinte;24;aluno@dominio.com
Aluno Numero 39;000.000.000-00;ouvinte;24;aluno@dominio.com
Aluno Numero 40;000.000.000-00;ouvinte;24;aluno@dominio.com
Aluno Numero 41;000.000.000-00;ouvinte;24;aluno@dominio.com
Aluno Numero 42;000.000.000-00;ouvinte;24;aluno@dominio.com
Aluno Numero 43;000.000.000-00;ouvinte;24;aluno@dominio.com
Aluno Numero 44;000.000.000-00;ouvinte;24;aluno@dominio.com
Aluno Numero 45;000.000.000-00;ouvinte;24;aluno@dominio.com
Aluno Numero 46;000.000.000-00;ouvinte;24;aluno@dominio.com
Aluno Numero 47;000.000.000-00;ouvinte;24;aluno@dominio.com
Aluno Numero 48;000.000.000-00;ouvinte;24;aluno@dominio.com
